created_at,username,full_text,quote_count,reply_count,retweet_count,favorite_count,lang,user_id_str,conversation_id_str,tweet_url
Fri Aug 02 06:46:44 +0000 2024,JatiTeodosia,@telurpecah21 @NyimasLaula Infrastuktur nya didukung dibangun terus damn bruh timnas aja baru bangun training center di ikn itu juga uangnya ga sepenuh dari pemerintah tapi dibantu fifa,0,0,0,0,in,1540795436273106944,1819169177644814436,https://x.com/JatiTeodosia/status/1819263547542851749
Tue Jul 30 16:26:13 +0000 2024,fregnand88,@psi_id Justru IKN jauh dari kata pemerataan pembangunan. Justru uang pendidikan kesehatan infrastuktur daerah lain dll semua diambil buat membangun IKN. Salah kaprah dan salah urus kok dilanjutkan.,0,0,0,0,in,1647992208455528448,1817746210670964896,https://x.com/fregnand88/status/1818322213868834916
Mon Jul 29 05:21:30 +0000 2024,jackjackparrr,Gini pak saya kasih highlight isi ide video campaign untuk MEYAKINKAN atau membangun TRUST orang-orang supaya mau datang ke IKN terutama investor untuk mensupport 1. Infrastuktur teknologi. Internet cepat smart city solutions atau infrastruktur digital yang mendukung bisnis,0,1,0,0,in,1011699904933064709,1817792544031592578,https://x.com/jackjackparrr/status/1817792544031592578
Sun Jul 28 12:28:43 +0000 2024,keuangannews_id,Jokowi Rencananya Akan Resmikan Infrastuktur Tol dan Persiapan Sidang Kabinet di IKN https://t.co/02VfSK3Qx6 lewat @Keuangan News,0,2,2,1,in,1226436091617505281,1817537671205720455,https://x.com/keuangannews_id/status/1817537671205720455
Thu Jul 25 09:22:39 +0000 2024,inilahdotcom,Presiden Joko Widodo atau Jokowi mengaku masih menunggu kesiapan infrastuktur dasar di Ibu Kota Nusantara (IKN). Kepala negara mengatakan dirinya juga tengah menanti fasilitas untuk menggelar sidang kabinet. Kalau semuanya sudah siap. Kalau kursinya belum ada gimana? duduk https://t.co/19qgl8MuAs,0,0,0,0,in,46693036,1816403683581755869,https://x.com/inilahdotcom/status/1816403683581755869
Sun Jul 14 11:43:24 +0000 2024,marrymejaemin,Alih alih membangun infrastuktur merata di seluruh kalimantan pemrentah malah bangun IKN. Kelen makan la tu istana baru dinasti kocak,0,0,0,1,in,1438423987327963136,1812452834149027875,https://x.com/marrymejaemin/status/1812452834149027875
Fri Jul 12 13:15:00 +0000 2024,seide_id,Infrastuktur Belum Siap Jokowi Batal Pindah ke IKN di Bulan Juli ini https://t.co/hRvXVxxAYm,0,0,0,0,in,1391945630159753216,1811751111499411556,https://x.com/seide_id/status/1811751111499411556
Wed Jul 10 23:55:02 +0000 2024,zola_papazola2,@tempodotco ini makin menunjukkan bahwa proyek IKN banyak masalah. selain tidak ad investor asing yg minat dalam pembangunan nya juga banyak kekurangan yg tidak siap. spertinya dibangun ngasal secara partial tidak terintegrasi dengan fasilitas dan infrastuktur https://t.co/nwj413pPbd,0,0,0,0,in,1603755870391013377,1811178892587397205,https://x.com/zola_papazola2/status/1811187404319130040
Wed Jul 10 11:12:48 +0000 2024,garudatvnews,Presiden Jokowi Pastikan kesiapan Infrastuktur IKN Jelang Pemindahan Ibu Kota https://t.co/3NgOXo4tLS https://t.co/B480lkP3M7,0,0,0,0,in,502140136,1810995583508996494,https://x.com/garudatvnews/status/1810995583508996494
Wed Jul 10 09:49:49 +0000 2024,dancersejati07,Juli 50 tahun lagi. 9 Juli 2024: Jokowi Sebut Akan Pindah ke IKN Saat Infrastuktur Telah Rampung https://t.co/87f6OgUguN #TagihJokowiJuliDiIKN #TagihJokowiJuliDiIKN,0,0,1,1,in,1605747132014637061,1810974702019772746,https://x.com/dancersejati07/status/1810974702019772746
Wed Jul 10 09:48:28 +0000 2024,dancersejati07,Berarti Juli 50 tahun lagi. 9 Juli 2024: Jokowi Sebut Akan Pindah ke IKN Saat Infrastuktur Telah Rampung https://t.co/87f6OgUguN #TagihJokowiJuliDiIKN #TagihJokowiJuliDiIKN,0,0,1,1,in,1605747132014637061,1810974361865896374,https://x.com/dancersejati07/status/1810974361865896374
Wed Jul 10 03:36:02 +0000 2024,Srik4ndiMuslim2,Juli 1.000 tahun lagi? Gak usah deh. 9 Juli 2024: Jokowi Sebut Akan Pindah ke IKN Saat Infrastuktur Telah Rampung https://t.co/DDOo5jk7Lm #TagihJokowiJuliDiIKN #TagihJokowiJuliDiIKN,3,1,11,14,in,1629530059265703938,1810880635722158192,https://x.com/Srik4ndiMuslim2/status/1810880635722158192
Tue Jul 09 07:07:34 +0000 2024,KinkinAsikin1,@tempodotco Kapan infrastuktur IKN rampung? Sepertinya Jokowi keburu lengser,0,0,0,0,in,967247533553561601,1810449845246910791,https://x.com/KinkinAsikin1/status/1810571479072874877
Tue Jul 09 00:10:40 +0000 2024,JokoLipService,Jokowi batal pindah kantor ke IKN bulan ini terkendala infrastuktur belum siap. Mau pindah aja ngga pakai perhitungan. Bicara sih gampang Juli. https://t.co/T5ng4qYEqJ,0,0,0,0,in,2377644162,1810466565856621004,https://x.com/JokoLipService/status/1810466565856621004
Tue Jul 09 00:08:20 +0000 2024,PawiroTumin,@tempodotco Bapak Jokowi infrastuktur akan siap si IKN itu mungkin bertahun tahun lagi dan prediksi saya IKN akan mangkrak??? Apa bpk percaya Prabowo akan melanjutkan IKN uang dari mana......?,0,0,0,5,in,1456979709984608263,1810449845246910791,https://x.com/PawiroTumin/status/1810465977714549196
Mon Jul 08 23:04:14 +0000 2024,tempodotco,Jokowi Sebut Akan Pindah ke IKN Saat Infrastuktur Telah Rampung https://t.co/0nEtrkNTBu #TempoVideo,15,167,11,65,in,18129942,1810449845246910791,https://x.com/tempodotco/status/1810449845246910791
Sun Jul 07 07:54:50 +0000 2024,RadioElshinta,Janga Lewatkan #PowerBreakfast Senin (8/7) bersama Ketua Satgas Pelaksanaan Pembangunan Infrastuktur Ibu Kota Negara (IKN) Danis Hidayat Sumdadilaga. LIVE di Radio Elshinta 90 FM dan Media Sosial Elshinta! https://t.co/IQeHpojZGh,0,0,0,0,in,121640063,1809858599738569147,https://x.com/RadioElshinta/status/1809858599738569147
Fri Jul 05 06:47:18 +0000 2024,ruangantihoax,@ewangiggs jgn diputarbalikkan bung. justru diprediksi produksi akan meningkat krn bnyaknya permintaan dr ikn seiring kemudahan akomodasi transport infrastuktur apalagi mulai pindahnya para ASN TNI dan Polri ke IKN agustus nanti.,0,0,0,0,in,1509691617501876231,1809107535980605832,https://x.com/ruangantihoax/status/1809116830126199242
Thu Jul 04 09:18:21 +0000 2024,sokoguruid,DPR Nilai Pembangunan Infrastruktur IKN Berjalan Lambat https://t.co/zLsBp8FG46 Pemerintah harus menunjukkan keseriusan dalam mengejar target pembangunan infrastruktur IKN terutama menjelang perayaan HUT ke-79 Kemerdekaan RI. #InfrastukturIKN #Pembangunan https://t.co/YJDHWhRQr5,0,0,0,0,in,1443139240515096578,1808792453266256214,https://x.com/sokoguruid/status/1808792453266256214
Wed Jul 03 07:17:46 +0000 2024,Metro_TV,Anggota Komisi V DPR RI melakukan kunjungan kerja spesifik ke Ibu Kota Nusantara (IKN) dalam rangka meninjau langsung progress pembangunan infrastuktur yang sedang telah dan akan dilakukan. #dprri #komisivdprri #ikn #ibukotanusantara #pembangunanikn https://t.co/fN2Zkc4Vlb,0,1,1,1,in,57261519,1808399718726394133,https://x.com/Metro_TV/status/1808399718726394133
Mon Jan 29 14:55:10 +0000 2024,anggisdinata,@geloraco Banyak proyek infrastuktur jokowi yang gagal/tidak menguntungkan bukannya belajar dari pengalaman malah semakin jorjoran bangun IKN.,0,0,0,0,in,970332976167796736,1751849643183603975,https://x.com/anggisdinata/status/1751982322851918291
Wed Jan 24 04:59:21 +0000 2024,fakhrulrj,Mereka jg bilang kalo IKN ini jd terealisasi kemungkinan mereka &amp; anak2 mereka akan jd gelandangan yg skrg ada dijakarta. Jgn bilang kalo mereka cm mengeluh tanpa berusaha karna jk mereka tertinggal itu jg karna pemerintah cm mementingkan infrastuktur tanpa peduli kualitas SDMnya,0,1,0,0,in,228021090,1750019807364415772,https://x.com/fakhrulrj/status/1750020441702531401
Sun Jan 21 12:26:10 +0000 2024,officialntv_,Kemudian ia juga mewaspadai terkait pembangunan Ibu Kota Negara (IKN) Nusantara yang dapat memicu konflik agraria yang baru. #BreakingNews #DebatCawapres #MuhaiminIskandar #GibranRakabuming #MahfudMD #KPU #IKN #infrastuktur #pangan #hutan #nusantaratv,0,0,0,0,in,1465529152136568833,1749045179003342974,https://x.com/officialntv_/status/1749045721700196760
Thu Jan 18 09:42:18 +0000 2024,zenondown,@tempodotco Gimana mau bngun IKN klo panglima infrastuktur mundur. Kapal mulai Oleng ... Nahkodanya Sambil mabok .. ABK pada mulai loncat satu persatu,1,13,20,409,in,1281146731481034753,1747911483814735928,https://x.com/zenondown/status/1747917320536875475
Sat Jan 06 22:23:10 +0000 2024,healingdisosmed,@sosmedkeras Pembangunan pulau Jawa yg besar²an dan selalu update mngkin krena menjadi pusat pemerintahan ya? Biar dipandang bagus sama negara luar. Tapi semoga dngn adanya IKN di Kalimantan infrastuktur nya jadi semakin merata (gak cuman jalan tol tapi transportasi lainnya juga berkembang),0,0,0,0,in,1555877795515215872,1743653766266773525,https://x.com/healingdisosmed/status/1743760143379300820
Fri Jan 05 12:25:40 +0000 2024,Picalistic,Mari berkhayal.. Gue klo jd pr3siden bakal fokus dg masalah pendidikan (khususny masalah sekolah 3T dan kurikulum nya) lapangan pekerjaan (pengangguran banyak) infrastuktur (ngelanjutin pembangunan pak Jk dan IKN) dan militer (kita mau pindah ibukota trus wilayah kita rawan),0,0,0,0,in,1295628723199152130,1743247390596075736,https://x.com/Picalistic/status/1743247390596075736
Thu Dec 28 14:18:27 +0000 2023,diantaratitik,@fajarnugros Infrastuktur buat apa kalau mau berobat harus terbang dulu ke IKN? Ya mending batalin IKN bangun rumah sakit kelas A disetiap ibu kota provinsi atau disetiap daerah yang butuh. IKN butuh dana 500T lebih 1 rumah sakit kelas butuh 1T doang. Pilih mana? Gimana? ,0,2,0,12,in,167796481,1740244887294083574,https://x.com/diantaratitik/status/1740376668974485508
Thu Dec 28 07:39:44 +0000 2023,NelfidaDjamil,@sociotalker Kuereeen banget jawabnnya prof langsung ke ulu hati. Bisa2nya mrk memvisikan orang dr papua berobatnya ke IKN kenapa nggk bangun infrastuktur termasuk RS yg lengkap di tiap2 kota termasuk di Papua sehingga kalau sakit mrk tdk perlu berobat keluar daerahnya.,0,0,0,0,in,924774277060091905,1739990822320500739,https://x.com/NelfidaDjamil/status/1740276329172684964
Tue Dec 26 10:56:58 +0000 2023,HaikalAlbara,@Yurissa_Samosir @AdamVelcro @AdeDhani9 @AkalSehat2024 @aking_adit @chaidar_2000 @Kang_Toniee @NohCeukenohhh @RidNgemil @choymarkochoy Apakah standar untuk bisa jadi Presiden adalah melanjutkan/stop IKN? Masih banyak program2 lain bukan hanya IKN Rumah Sakit/Puskesmas Sekolah Pupuk subsidi rumah BBM Subsidi infrastuktur jalan dll,0,0,0,2,in,1680963456282021888,1739580697692803334,https://x.com/HaikalAlbara/status/1739601188977582176
Mon Dec 25 09:56:30 +0000 2023,mledukjon,@onseven_saif @djuangkrik88 @DadangRusdi @dodojogja2 @aniesbaswedan Edukasi apanya? Apakah masyarakat Kalimantan ga berhak punya infrastuktur yg modern? Jangan kau bilang alasan masih banyak yg lapar ga perlu ikn. Negara maju yg kelaparan tetep ada. Mestinya kalian lah penolak infrastuktur harus di edukasi.,0,0,0,0,in,3006275774,1739167777330782671,https://x.com/mledukjon/status/1739223586320363630
Sat Dec 23 20:03:59 +0000 2023,AlhadiStef44186,@fadlizon @narasitv @NajwaShihab @gibran_tweet Hilirisasi generasi emas stunting makan grts IKN. apapun pertanyaan dan pembahasanya diplomasi =&gt;hilirisasi =&gt;infrastuktur sosial=&gt;stunting=&gt;mkn grtis=&gt;genersi emas=&gt;pemerataan kota=&gt;IKN. Yang bikin pusing.(carbone storage hilirisasi digital SGIE),0,0,0,2,in,1715889571609890816,1738404631343210985,https://x.com/AlhadiStef44186/status/1738651689195086199
Sat Dec 23 14:54:09 +0000 2023,Bisniscom,Gibran Sebut IKN sebagai Komitmen Pemerataan Ekonomi dan Makan Siang Gratis sebagai Infrastuktur Sosial https://t.co/UzUOSE2Gxb,1,0,0,0,in,118646322,1738573713375903841,https://x.com/Bisniscom/status/1738573713375903841
Sat Dec 23 11:13:11 +0000 2023,sat0ruu3,@cakimiNOW dibanding merevasilitasi dan membangun infrastuktur baru dan itu belum termasuk dana buat membangun 40 kota setara metropolitan lebih baik melanjutkan ikn sbg ibukota baru Indonesia pak hehehe ga ingat klo jakarta mau tenggelam?,0,0,0,0,in,1650287287467638784,1738187378303680794,https://x.com/sat0ruu3/status/1738518106404966591
Fri Dec 22 18:21:09 +0000 2023,budak904,@GantineRamane @NyaiiBubu @gibran_tweet Makanya hanya manusia yang baru lahir tadi subuh yang anggap si samsul itu nyambung dalam menjawab pertanyaan terkait diplomasi intenasional kenaikan pajak investor ikn dan infrastuktur sosial.,1,0,2,8,in,1410514936212508676,1738252189322391997,https://x.com/budak904/status/1738263420024295545
Fri Dec 22 13:30:40 +0000 2023,catchmeupco,Pertanyaan ketiga: Pembangunan Infrastuktur FISIK atau Pembangunan SDM??? Mas Gibran: Dua-duanya penting. Karena Indonesia emas -&gt;&gt; Generasi emas. Tidak semua harus pake APBN. IKN aja cuma 20% pake APBN. Sisanya investor. Pak Mahfud: Lah investor siapa nih mas maksudnya?,2,1,1,6,in,1162545299614662656,1738167494488330495,https://x.com/catchmeupco/status/1738190317525008845
Fri Dec 22 13:28:47 +0000 2023,anginlewat,Maksud cak imin drpd bangun ikn mending prioritasin kembangkan kota2 yg sudah ada dulu krn dasar2 infrastuktur sdh ada di kota2 tsb jd investasi yg dibutuhkan lbh kecil #DebatCawapres,0,0,1,4,in,198783754,1738189843417686451,https://x.com/anginlewat/status/1738189843417686451
Mon Dec 04 13:00:42 +0000 2023,dbduebeejn,@Ferignw21 Bener nih adanya IKN akan membuat pembangunan infrastuktur kita lebih merata #CapresSesatTolakIKN,0,0,0,0,in,1711953933319671808,1731656328316338626,https://x.com/dbduebeejn/status/1731659796565418241
Mon Dec 04 12:57:30 +0000 2023,shsjebeejenej,@CFebta IKN ini ada agar infrastuktur kita semakin merata #CapresSesatTolakIKN,0,0,0,0,in,1711950602778128384,1731656003014595039,https://x.com/shsjebeejenej/status/1731658990827012249
Sun Dec 03 13:55:02 +0000 2023,Jotuna2020,@Kremata_Channel @Pengabdi_Crypto @kumparan Kaji ulang IKN atau kereta cepat silakan yg kurang ditambahin yg berlebihan dikurangin. Yg penting babat habis koruptor. InsyaAllah banyak pembangunan2 infrastuktur atau program2 lain yg bisa dijalankan.,0,0,0,0,in,1719506370201100288,1729847319875740020,https://x.com/Jotuna2020/status/1731311080969011697
Thu Nov 23 05:34:20 +0000 2023,sinkretisme_,@pemantautemlen1 @hereforsungjin @Kop15achet @Rezasyariatii Wkwkwkw kok ya percaya fokus mau dialihkan ke kalimantan? kalkulasi materi aja udah susah emg harus proyeksinya jauh dan paradigma pembangunannya jelas. Kalo masy masih kemakan pemb infrastuktur yaudah disitu aja kita. Paradigma pemb ga jelas IKN skrg,0,0,0,0,in,1448467196942843907,1727228260688552323,https://x.com/sinkretisme_/status/1727561197376110957
Thu Nov 23 04:20:16 +0000 2023,suryasena53,Ini capres gimana sih? Bicara kemakmuran merata tdk perlu bangun infrastuktur? Eh busset!!! Bgmn petani/peternak distribusi hsl nya kalau jalan rusak? Berputar dan makan waktu biaya? IKN mmg terlalu dipaksakan! Beda dg jalan Tol dll!,1,0,0,0,in,1297043782874013696,1727542557440200889,https://x.com/suryasena53/status/1727542557440200889
Mon Nov 20 16:01:25 +0000 2023,saragihruth22,Telkom Indonesia dukung penuh penyediaan infrastuktur dan layanan di IKN #ElevatingYourFuture #KinerjaPositifBUMN @KemenBUMN @Telkomindonesia @erickthohir https://t.co/f20h21QJix,0,0,0,0,in,1691012553064017920,1726631842865099057,https://x.com/saragihruth22/status/1726631842865099057
Mon Nov 20 16:00:07 +0000 2023,KarinaNovyan,Telkom Indonesia dukung penuh penyediaan infrastuktur dan layanan di IKN #ElevatingYourFuture #KinerjaPositifBUMN @KemenBUMN @Telkomindonesia @erickthohir https://t.co/AERUP3my6E,0,0,0,0,in,618840993,1726631491801862485,https://x.com/KarinaNovyan/status/1726631517059952858
Mon Nov 20 15:57:07 +0000 2023,BUMNnet,Telkom Indonesia dukung penuh penyediaan infrastuktur dan layanan di IKN #ElevatingYourFuture #KinerjaPositifBUMN @KemenBUMN @Telkomindonesia @erickthohir https://t.co/7P1UVUxXzN,0,0,0,0,in,635443533,1726630762072723682,https://x.com/BUMNnet/status/1726630762072723682
Mon Nov 20 12:53:05 +0000 2023,Twisted_Tazz,Telkom Indonesia siapkan rencana pembangunan infrastuktur dan layanan di IKN #ElevatingYourFuture #KinerjaPositifBUMN @KemenBUMN @Telkomindonesia @erickthohir https://t.co/TEB0sRYDSu,0,0,0,0,in,618671670,1726584448844759310,https://x.com/Twisted_Tazz/status/1726584448844759310
Mon Nov 20 12:52:12 +0000 2023,Twisted_Tazz,penyediaan infrastuktur dan layanan digital di IKN didukung penuh oleh Telkom Indonesia #ElevatingYourFuture #KinerjaPositifBUMN @KemenBUMN @Telkomindonesia @erickthohir https://t.co/wfjTBboUSd,0,0,0,0,in,618671670,1726584225955270678,https://x.com/Twisted_Tazz/status/1726584225955270678
Mon Nov 20 12:45:44 +0000 2023,GaspriA,Telkom Indonesia mendukung penuh penyediaan infrastuktur dan layanan digital di IKN #ElevatingYourFuture #KinerjaPositifBUMN @KemenBUMN @Telkomindonesia @erickthohir https://t.co/a8AJOdNOCX,0,0,0,0,in,618360185,1726582596434640919,https://x.com/GaspriA/status/1726582596434640919
Mon Nov 20 12:42:00 +0000 2023,Prasetyogust,Telkom Indonesia dukung penuh penyediaan infrastuktur dan layanan di IKN #ElevatingYourFuture #KinerjaPositifBUMN @KemenBUMN @Telkomindonesia @erickthohir https://t.co/AM5n48fAVZ,0,0,0,0,in,617966599,1726581659032867255,https://x.com/Prasetyogust/status/1726581659032867255
Sun Nov 19 10:49:27 +0000 2023,gustjahSaja,@Naz_lira IKN hanya mengalihkan &amp; mengubur kegagalan 9th berkuasa utk memakmurkan negeri dgn swasembada menyuguhkan seolah2 ada proyek pemerataan pembangunan infrastuktur sjg melupakan kemajuan sektor pertanian pendidikan &amp; sumber daya alam utk kesejahteraan negeri nya sendiri.,0,0,0,1,in,1468069739951890435,1725861653433156025,https://x.com/gustjahSaja/status/1726190947002896681
Wed Nov 15 14:59:49 +0000 2023,resiantoadhitya,Cita2 Presiden Jokowi utk Indonesia Emas 2045 jelas ya rumusnya dari Infrastuktur Digitalisasi Hilirisasi Pengembangan SDM dan IKN Nusantara. Siapapun capres dan cawapres yg melaksankan ini pasti Beliau dukung.,0,0,0,0,in,2257694654,1719710114796519896,https://x.com/resiantoadhitya/status/1724804400999522391
Fri Nov 03 07:31:13 +0000 2023,bariecode,Mantap!! Kawal terus demokrasi yang sehat Jangan sampai Pembangunan infrastuktur IKN hancur berkeping karena kalah bersaing dengan pembangunan INFRASTRUKTUR DINASTI jokowi!! ,0,0,0,0,in,706662267937386496,1720342853371723894,https://x.com/bariecode/status/1720342853371723894
Wed Oct 25 07:18:19 +0000 2023,RusdiRu01226366,@DrPullmanrogers @PDI_Perjuangan @ganjarpranowo @mohmahfudmd @prabowo @kangdede78 Memang harus GAMA Peraih nilai scor pemilih tertinggi di Pilpres 2024 jangan sampai tidak teraih kemenangan di Pilpres 2024..kalau ingin Indonesia maju dan sejahtera dan meneruskan pembangunan infrastuktur IKN dll..kalau bukan GAMA di kwatirkan macet persiapan menuju Ind emas.,0,1,0,1,in,1615980757767585792,1717067547173109837,https://x.com/RusdiRu01226366/status/1717078115141456154
Sun Oct 22 10:31:11 +0000 2023,basrahmat,@anton_sukisno @Dennysiregar7 @jokowi Jadi pembangunan hukum di rezim ini juga baik2 saja ? Infrastuktur dengan mengubah2 UU juga banyak lho ??? UU IKN dan ketenagakerjaan juga salah lho prosedurnya ? Kok cm ini yang diprotes ?? https://t.co/oJd25nIQkp,0,1,0,0,in,312397826,1715708035631292702,https://x.com/basrahmat/status/1716039488689078285
Wed Apr 12 06:25:21 +0000 2023,JeanlynAjean,Infrastuktur di IKN Nusantara akan canggih #IKNPemerataanEkonomi #IKNSejahterakanIndonesia #IKN #IKNtingkatkanKesejahteraan #dukungproyekIKN #IKNNusantara https://t.co/z0yHgLbCd4,7,1,0,1,in,2267648760,1646036762773569536,https://x.com/JeanlynAjean/status/1646036765403394049
Mon Apr 10 05:51:09 +0000 2023,milieana1,@KotaNusantara @AnakTangsiAD @ardi_tama1 @ikn_id Tegaskan pemerataan Infrastuktur #PindahIbuKota,0,0,0,0,in,1499600879787573254,1645195637309460481,https://x.com/milieana1/status/1645303384310947842
Mon Apr 10 03:50:19 +0000 2023,InayaNisha,@KotaNusantara @AnakTangsiAD @ardi_tama1 @ikn_id Tegaskan pemerataan Infrastuktur #IbuKotaNegara,0,0,0,0,in,1487266384199360513,1645195637309460481,https://x.com/InayaNisha/status/1645272974793252864
Sun Apr 09 23:18:45 +0000 2023,umaralims,Fakta__Jokowi Gagal Total. - Korupsi paling Brutal Berjamaah olh instansi keuangan dll. - infrastuktur palsu - Hukum Berantakan - IKN gagal penuh dusta. - Legislatif tuli dan mati rasa pd rakyat. https://t.co/tURGIDF1ZQ,0,0,0,2,in,159430790,1645204631931461633,https://x.com/umaralims/status/1645204631931461633
Fri Mar 31 15:56:11 +0000 2023,antose_79,@ShaaShaSuliXO @RumantikaUpik @mohmahfudmd Tp faktanya infrastruktur yg di geber adlh tol bandara KA cpt JKT bdng IKN yg semuanya hsl ngutang tapi sepi dan manfaatnya Bwt si super kayo retribusinya Bwt cicil utang jg gk ckp klo infrastuktur jln umum dihandle pake APBN aja sdh ckp gk perlu Sampe 7400T,0,0,0,0,in,372725664,1636500201463754752,https://x.com/antose_79/status/1641831767446519811
Mon Mar 20 10:20:29 +0000 2023,MarieBr75751278,@3lzh4s Tegaskan pemerataan Infrastuktur semua pembangunan berkonsep Indonesia Sentris #IKN,0,0,0,0,in,1484401331607838721,1637641179822166016,https://x.com/MarieBr75751278/status/1637761017605394433
Sun Jan 29 02:28:21 +0000 2023,naurafaranisaa,Saat ini pembangunan infrastuktur di IKN telah mencapai 12 persen #IbukotaNegara #IKN #SemangatNusantara https://t.co/GmEvkwrOnj,0,0,0,0,in,1398293496885170180,1619522808652103681,https://x.com/naurafaranisaa/status/1619522808652103681
Fri Jan 27 16:09:43 +0000 2023,ENS53311139,@OposisiCerdas @SuharmokoSlamet Kemarin sibuk ngurusin covid IKN &amp; PPKM plus vaksin uang jg blm ada fokus IKN dgn infrastruture btw sodetan pun infrastuktur yg jls ada Mentri yg hrsnya tanggap btw anggaran th ini sdh ditutup Krn April kan sdh dibagikan keseluruhannya paling nunggu pengajuan th dpn,0,0,0,0,in,1168102826624483329,1618233951432372229,https://x.com/ENS53311139/status/1619004736128307200
Mon Jan 23 03:23:24 +0000 2023,MRINDEPENDEN99,Investasi oligarki sudah cair..... NANTI TUKAR YA sama UU Peraturan Sda - Nikel batubara emas timah hph hutan project2 infrastuktur IKN project bumn dll... Siap siap miskin bangsa dan negara,0,1,2,6,in,1602851712037187584,1617362337215942658,https://x.com/MRINDEPENDEN99/status/1617362337215942658
Thu Jan 19 01:00:32 +0000 2023,aidevvir,pemerintah sepakati 40 kontrak infrastuktur IKN #UntukRISejahtera https://t.co/WGvm4nVnsx,0,0,0,0,in,1593552070845480961,1615876829532880901,https://x.com/aidevvir/status/1615876829532880901
Wed Jan 11 01:03:37 +0000 2023,Nien1708,#EkonomiRITerbaik PLN telahmenyiapkan rencana pembangunan infrastuktur yg sejalan dgn prinsip envrironment sustainbility and Governance untuk melistriki pembangunan IKN.yg mengusung konsep future Smart Forest City Of Indonesia #EkonomiRITerbaik https://t.co/hlxn5gLM9I,0,0,0,0,in,1433294367486136322,1612978503561121792,https://x.com/Nien1708/status/1612978503561121792
Tue Dec 27 05:05:16 +0000 2022,halaucovid,IKN Nusantara punya potensi kembangkan infrastuktur #KotaDuniaUntukSemua #IKNSejahterakanIndonesia #IKNPemerataanEkonomi #IKNtingkatkanKesejahteraan #DukungIKNNusantara #IndonesiaMaju #IbukotaBaruMendunia https://t.co/wtUcmQYh2G,0,0,0,0,in,1564467295002705920,1607603499449081856,https://x.com/halaucovid/status/1607603499449081856
Tue Dec 27 05:05:05 +0000 2022,sebhayu,IKN Nusantara punya potensi kembangkan infrastuktur #KotaDuniaUntukSemua #IKNSejahterakanIndonesia #IKNPemerataanEkonomi #IKNtingkatkanKesejahteraan #DukungIKNNusantara #IndonesiaMaju #IbukotaBaruMendunia https://t.co/Ffq7YIkI9S,0,0,0,0,in,1395930975549280259,1607603454133796866,https://x.com/sebhayu/status/1607603454133796866
Mon Dec 26 05:05:18 +0000 2022,sebhayu,IKN Nusantara punya potensi kembangkan infrastuktur #KotaDuniaUntukSemua #IKNSejahterakanIndonesia #IKNPemerataanEkonomi #IKNtingkatkanKesejahteraan #DukungIKNNusantara #IndonesiaMaju #IbukotaBaruMendunia https://t.co/TSsBYWTcBo,0,0,0,0,in,1395930975549280259,1607241118873227265,https://x.com/sebhayu/status/1607241118873227265
Mon Dec 26 05:05:14 +0000 2022,halaucovid,IKN Nusantara punya potensi kembangkan infrastuktur #KotaDuniaUntukSemua #IKNSejahterakanIndonesia #IKNPemerataanEkonomi #IKNtingkatkanKesejahteraan #DukungIKNNusantara #IndonesiaMaju #IbukotaBaruMendunia https://t.co/7IBu23TSlc,0,0,0,0,in,1564467295002705920,1607241100732817408,https://x.com/halaucovid/status/1607241100732817408
Sun Dec 25 06:10:33 +0000 2022,KulopJambi_NKRI,IKN Nusantara punya potensi kembangkan infrastuktur #KotaDuniaUntukSemua #IKNSejahterakanIndonesia #IKNPemerataanEkonomi #IKNtingkatkanKesejahteraan #DukungIKNNusantara #IndonesiaMaju #IbukotaBaruMendunia https://t.co/zHkTxcIB1j,0,0,0,0,in,2505661556,1606895149820305408,https://x.com/KulopJambi_NKRI/status/1606895149820305408
Sun Dec 25 06:05:28 +0000 2022,halaucovid,IKN Nusantara punya potensi kembangkan infrastuktur #KotaDuniaUntukSemua #IKNSejahterakanIndonesia #IKNPemerataanEkonomi #IKNtingkatkanKesejahteraan #DukungIKNNusantara #IndonesiaMaju #IbukotaBaruMendunia https://t.co/P7dJdtQN8D,0,0,0,0,in,1564467295002705920,1606893871845318657,https://x.com/halaucovid/status/1606893871845318657
Sun Dec 25 06:05:14 +0000 2022,HinataAgustus,IKN Nusantara punya potensi kembangkan infrastuktur #KotaDuniaUntukSemua #IKNSejahterakanIndonesia #IKNPemerataanEkonomi #IKNtingkatkanKesejahteraan #DukungIKNNusantara #IndonesiaMaju #IbukotaBaruMendunia https://t.co/vOjaDVGrI0,0,0,0,1,in,1564304124703027200,1606893813196365824,https://x.com/HinataAgustus/status/1606893813196365824
Sun Dec 25 06:05:12 +0000 2022,sebhayu,IKN Nusantara punya potensi kembangkan infrastuktur #KotaDuniaUntukSemua #IKNSejahterakanIndonesia #IKNPemerataanEkonomi #IKNtingkatkanKesejahteraan #DukungIKNNusantara #IndonesiaMaju #IbukotaBaruMendunia https://t.co/6Pk0RDrJjo,0,0,0,0,in,1395930975549280259,1606893805424332800,https://x.com/sebhayu/status/1606893805424332800
Sat Dec 24 07:25:13 +0000 2022,Samsina69202758,IKN Nusantara punya potensi kembangkan infrastuktur #KotaDuniaUntukSemua #IKNSejahterakanIndonesia #IKNPemerataanEkonomi #IKNtingkatkanKesejahteraan #DukungIKNNusantara #IndonesiaMaju #IbukotaBaruMendunia https://t.co/KHymmiP0k8,0,0,0,0,in,1356912875470802946,1606551554693238790,https://x.com/Samsina69202758/status/1606551554693238790
Sat Dec 24 06:05:35 +0000 2022,halaucovid,IKN Nusantara punya potensi kembangkan infrastuktur #KotaDuniaUntukSemua #IKNSejahterakanIndonesia #IKNPemerataanEkonomi #IKNtingkatkanKesejahteraan #DukungIKNNusantara #IndonesiaMaju #IbukotaBaruMendunia https://t.co/rDZ0bZdYGO,0,0,0,0,in,1564467295002705920,1606531514371555328,https://x.com/halaucovid/status/1606531514371555328
Sat Dec 24 06:05:24 +0000 2022,sebhayu,IKN Nusantara punya potensi kembangkan infrastuktur #KotaDuniaUntukSemua #IKNSejahterakanIndonesia #IKNPemerataanEkonomi #IKNtingkatkanKesejahteraan #DukungIKNNusantara #IndonesiaMaju #IbukotaBaruMendunia https://t.co/svXw66uMCE,0,0,0,0,in,1395930975549280259,1606531466527232003,https://x.com/sebhayu/status/1606531466527232003
Fri Dec 23 06:10:24 +0000 2022,KulopJambi_NKRI,Pemerintah kebut pengembangan infrastuktur hunian di IKN Nusantara #KotaDuniaUntukSemua #IKNSejahterakanIndonesia #IKNPemerataanEkonomi #IKNtingkatkanKesejahteraan #DukungIKNNusantara #IndonesiaMaju #IbukotaBaruMendunia https://t.co/jI254BjR1q,0,0,0,0,in,2505661556,1606170339725266945,https://x.com/KulopJambi_NKRI/status/1606170339725266945
Fri Dec 23 06:01:00 +0000 2022,sebhayu,Pemerintah kebut pengembangan infrastuktur hunian di IKN Nusantara #KotaDuniaUntukSemua #IKNSejahterakanIndonesia #IKNPemerataanEkonomi #IKNtingkatkanKesejahteraan #DukungIKNNusantara #IndonesiaMaju #IbukotaBaruMendunia https://t.co/O834cnf1wL,0,0,0,0,in,1395930975549280259,1606167973223448576,https://x.com/sebhayu/status/1606167973223448576
Fri Dec 23 06:00:51 +0000 2022,halaucovid,Pemerintah kebut pengembangan infrastuktur hunian di IKN Nusantara #KotaDuniaUntukSemua #IKNSejahterakanIndonesia #IKNPemerataanEkonomi #IKNtingkatkanKesejahteraan #DukungIKNNusantara #IndonesiaMaju #IbukotaBaruMendunia https://t.co/nnwattxwQ6,0,0,0,0,in,1564467295002705920,1606167936602972160,https://x.com/halaucovid/status/1606167936602972160
Thu Dec 22 08:10:06 +0000 2022,KulopJambi_NKRI,Pemerintah kebut pengembangan infrastuktur hunian di IKN Nusantara #KotaDuniaUntukSemua #IKNSejahterakanIndonesia #IKNPemerataanEkonomi #IKNtingkatkanKesejahteraan #DukungIKNNusantara #IndonesiaMaju #IbukotaBaruMendunia https://t.co/fpr1vNMeSC,0,0,0,0,in,2505661556,1605838073354395649,https://x.com/KulopJambi_NKRI/status/1605838073354395649
Thu Dec 22 06:00:57 +0000 2022,sebhayu,Pemerintah kebut pengembangan infrastuktur hunian di IKN Nusantara #KotaDuniaUntukSemua #IKNSejahterakanIndonesia #IKNPemerataanEkonomi #IKNtingkatkanKesejahteraan #DukungIKNNusantara #IndonesiaMaju #IbukotaBaruMendunia https://t.co/ftxJKXYGp9,0,0,0,0,in,1395930975549280259,1605805570262536193,https://x.com/sebhayu/status/1605805570262536193
Thu Dec 22 06:00:43 +0000 2022,halaucovid,Pemerintah kebut pengembangan infrastuktur hunian di IKN Nusantara #KotaDuniaUntukSemua #IKNSejahterakanIndonesia #IKNPemerataanEkonomi #IKNtingkatkanKesejahteraan #DukungIKNNusantara #IndonesiaMaju #IbukotaBaruMendunia https://t.co/pIaARTs8Gc,0,0,0,0,in,1564467295002705920,1605805512712486912,https://x.com/halaucovid/status/1605805512712486912
Wed Dec 21 07:27:03 +0000 2022,detektifcoonan,Pembangunan IKN sukses membuat berbagai infrastuktur penunjang yang berdampak sangat positif #KotaDuniaUntukSemua #IKNSejahterakanIndonesia #IKNPemerataanEkonomi #IKNtingkatkanKesejahteraan #DukungIKNNusantara #IndonesiaMaju #IbukotaBaruMendunia https://t.co/0PIOrkd0Wo,0,0,0,1,in,1409016873048444937,1605464851035279361,https://x.com/detektifcoonan/status/1605464851035279361
Wed Dec 21 06:00:56 +0000 2022,halaucovid,Pemerintah kebut pengembangan infrastuktur hunian di IKN Nusantara #KotaDuniaUntukSemua #IKNSejahterakanIndonesia #IKNPemerataanEkonomi #IKNtingkatkanKesejahteraan #DukungIKNNusantara #IndonesiaMaju #IbukotaBaruMendunia https://t.co/PFYfVrKCyQ,0,0,0,0,in,1564467295002705920,1605443180409028608,https://x.com/halaucovid/status/1605443180409028608
Wed Dec 21 06:00:43 +0000 2022,sebhayu,Pemerintah kebut pengembangan infrastuktur hunian di IKN Nusantara #KotaDuniaUntukSemua #IKNSejahterakanIndonesia #IKNPemerataanEkonomi #IKNtingkatkanKesejahteraan #DukungIKNNusantara #IndonesiaMaju #IbukotaBaruMendunia https://t.co/fO347o5RFN,0,0,0,0,in,1395930975549280259,1605443124687421444,https://x.com/sebhayu/status/1605443124687421444
Tue Dec 20 15:53:21 +0000 2022,Poerna9,@NasDem Percayalah 1. @aniesbaswedan adalah antitesa @jokowi 2. Pemerintahan @jokowi anti kritik itu kata @aniesbaswedan 3. Pemerintahan @jokowi d cemoh ibunya @aniesbaswedan krn mementingkan IKN dan infrastuktur. 4. Para pendukung @aniesbaswedan sebagian besar pembenci @jokowi,0,0,0,0,in,910739488585818117,1604323676156874752,https://x.com/Poerna9/status/1605229880240586753
Tue Dec 20 06:05:26 +0000 2022,sebhayu,Pemerintah kebut pengembangan infrastuktur hunian di IKN Nusantara #KotaDuniaUntukSemua #IKNSejahterakanIndonesia #IKNPemerataanEkonomi #IKNtingkatkanKesejahteraan #DukungIKNNusantara #IndonesiaMaju #IbukotaBaruMendunia https://t.co/xc3gFZX3fZ,0,0,0,0,in,1395930975549280259,1605081924288106496,https://x.com/sebhayu/status/1605081924288106496
Tue Dec 20 06:05:20 +0000 2022,halaucovid,Pemerintah kebut pengembangan infrastuktur hunian di IKN Nusantara #KotaDuniaUntukSemua #IKNSejahterakanIndonesia #IKNPemerataanEkonomi #IKNtingkatkanKesejahteraan #DukungIKNNusantara #IndonesiaMaju #IbukotaBaruMendunia https://t.co/wpsbDfxfiE,0,0,0,0,in,1564467295002705920,1605081899197779968,https://x.com/halaucovid/status/1605081899197779968
Mon Dec 19 06:36:09 +0000 2022,gerbang_utama,IKN Nusantara punya potensi kembangkan infrastuktur #KotaDuniaUntukSemua #IKNSejahterakanIndonesia #IKNPemerataanEkonomi #IKNtingkatkanKesejahteraan #DukungIKNNusantara #IndonesiaMaju #IbukotaBaruMendunia https://t.co/AZskdGKbkv,0,1,0,0,in,3896382861,1604727268311695361,https://x.com/gerbang_utama/status/1604727268311695361
Thu Nov 17 05:54:51 +0000 2022,Nusatmr,konsep green infrastuktur dalam pembangunan ikn nusantara #KotaDuniaUntukSemua #IKNSejahterakanIndonesia #IKNPemerataanEkonomi #IKNtingkatkanKesejahteraan #DukungIKNNusantara https://t.co/WyBtS6tEul,0,1,0,0,in,1562747141071990787,1593120461659213824,https://x.com/Nusatmr/status/1593120461659213824
Thu Nov 17 05:08:57 +0000 2022,gerbang_utama,IKN Nusantara sebagai kunci pengembangan infrastuktur bagi Indonesia! #KotaDuniaUntukSemua #IKNSejahterakanIndonesia #IKNPemerataanEkonomi #IKNtingkatkanKesejahteraan #DukungIKNNusantara #IndonesiaMaju #IbukotaBaruMendunia https://t.co/Uv7wa6ez0t,0,0,0,0,in,3896382861,1593108911695220736,https://x.com/gerbang_utama/status/1593108911695220736
Mon Nov 14 10:36:15 +0000 2022,daeng_embang,Kata bu sry mulyani dlm presidensi G20 Indonesia masih membutuhkan investasi di bidang infrastuktur hijau &amp; energi hijau yy cukup besar Aneh butuh investasi energi hijau tp scr bersamaan bangun IKN. tentu byk alam rusak. Apalagi keputusan sudah dibuat sebelum AMDAl(Jokowi).,0,0,0,0,in,1450771917393170434,1592104113646768128,https://x.com/daeng_embang/status/1592104113646768128
Sat Nov 12 13:46:53 +0000 2022,Itorhs,@MrsRachelIn @NasDem @ganjarpranowo Jokowi tdk akan mendukung Anies sebagai antitesanya Jokowi yang dicapreskan Koalisi Perubahan (Nasdem Demokrat &amp; PKS) koalisi yg akan MERUBAH kebijakan Jokowi sebelumnya termasuk proyek pembangunan IKN infrastuktur dan pembubaran HTI dan FPI.,0,0,0,0,in,2427025783,1591302558928470018,https://x.com/Itorhs/status/1591427312113025028
Sat Nov 12 05:36:01 +0000 2022,gerbang_utama,Pembangunan IKN Nusantara untuk majukan kualitas SDM dan pembangunan infrastuktur! #KotaDuniaUntukSemua #IKNSejahterakanIndonesia #IKNPemerataanEkonomi #IKNtingkatkanKesejahteraan #DukungIKNNusantara https://t.co/USjv1lQCbj,1,0,0,0,in,3896382861,1591303781844934657,https://x.com/gerbang_utama/status/1591303781844934657
Thu Nov 10 05:08:10 +0000 2022,sushiitr4shh,Mantap! Presiden Jokowi mulai bangun infrastuktur hunian di IKN Nusantara! Jambi #KotaDuniaUntukSemua #IKNSejahterakanIndonesia #IKNPemerataanEkonomi #IKNtingkatkanKesejahteraan #DukungIKNNusantara https://t.co/Jx99Rflo3Q,0,0,0,0,in,1356621933152899072,1590571999088504833,https://x.com/sushiitr4shh/status/1590571999088504833
